,name,wallet,id
0,Joel Howell,9747,117432
1,Luis Morrison,3058,449348
2,Christina Jones,9428,819016
3,Bryan Stephens,6007,269490
4,Shari Anderson,1756,876056
5,Dr. Dylan Robertson,7706,336433
6,Michael Hunt,6151,709552
7,Candice Cook,3229,662582
8,Jordan Green,3632,717437
9,Jennifer Jensen,4476,201640
10,Cathy Vargas,1797,712092
11,Yolanda Garcia,7810,994970
12,Sandra Edwards,1296,516462
13,Larry Alvarez,5797,550036
14,Lauren Carter,8592,177811
15,Jennifer Johnson,4175,993546
16,Frederick Collins,7923,948646
17,Jackie Smith,1410,476063
18,Sean Smith,3605,884555
19,Patricia Fleming,4041,694377
20,Phillip Robinson,8718,613598
21,Shelly Simpson,6747,445865
22,Carlos Fields,7210,245068
23,Sonia Garcia,1935,901095
24,Dr. Diana Randall,5713,756934
25,Beth Mclaughlin,9274,666203
26,Sarah Dean,5957,254594
27,Bryan Reynolds,6632,407555
28,Jennifer Vega,1680,732883
29,Sheila Taylor,1021,363040
30,Becky Michael MD,7978,720078
31,Melissa Taylor,121,518241
32,Mark Wolf,2847,187170
33,Stephanie Murray,234,493438
34,Jacqueline Gonzalez,3025,999405
35,David Jones,5169,765881
36,Jose Parker II,206,766974
37,Christian Arnold,4668,542274
38,Melissa Frazier,8620,120079
39,Matthew Doyle,9340,150612
40,Mr. Eric Grimes,8971,349601
41,Tina Jones,4987,537177
42,Ann Stanley,4380,247405
43,Brian Stewart,1638,773758
44,Carlos Maxwell,1911,856094
45,Julian Davis,7904,542727
46,Christopher Ross,8435,185205
47,Heidi Arroyo,3357,483371
48,Andrew Romero,8774,803233
49,Christine Henderson,4595,155200
50,Nathan Lynch,2545,319414
51,James Carpenter,7092,133938
52,Donna Ryan,2473,880722
53,Brianna Ramirez,4627,989382
54,Debbie Nelson,8323,537504
55,George Walker,9394,287137
56,Mary Navarro,6881,292037
57,Douglas Brown,2005,417282
58,Emily Perez,1320,182813
59,Randall Ford,2456,656270
60,Cynthia Saunders,4548,928245
61,Carlos Castillo,810,280152
62,Andrew French,4166,660376
63,Kimberly Turner,4481,914789
64,William Jones,6078,421917
65,Cassandra Stewart,9122,219108
66,Danny Jimenez,3640,604255
67,Russell Robles,1779,187701
68,Cassandra Davis,6023,725992
69,Adriana Holland,1473,923635
70,Timothy Clark,6603,208377
71,Timothy Scott,4573,518510
72,John Raymond,1366,683312
73,Kenneth Schultz,4495,165527
74,Jonathan Hodge,9483,789481
75,Megan Parker,4526,768119
76,Richard Brown,124,732892
77,Andrea Wood,5734,870277
78,Crystal Walls,6821,968966
79,Scott Bryant,397,505164
80,Daniel Garcia,7431,174667
81,Katherine Lee DDS,6580,216699
82,Joshua Carter,2539,702365
83,Lauren Dalton,750,809446
84,Amber Clark,1331,127148
85,Elizabeth Wright,2653,323803
86,Caitlyn Payne,4356,554057
87,Todd Franco,1792,268925
88,Daniel Thompson,8425,881994
89,Sandra King,2093,995990
90,Michelle Walker,9370,416185
91,Jacob Jacobs,4389,488775
92,Wanda Ortiz,5391,656989
93,Thomas Chan,5382,314497
94,Robert Frederick,3322,337594
95,Danielle Castro,1439,810098
96,Tony Marsh,674,415808
97,Lisa Weaver,8708,568329
98,Evelyn Turner,5746,143626
99,Loretta Valencia,1127,503402
100,David Schneider,4697,803564
101,Anthony Morgan,7130,786994
102,Kimberly Castro,3624,871414
103,Kevin Elliott,997,114740
104,Julie Maxwell,2382,437155
105,Daniel Hoffman,4987,761542
106,Robert Thompson,214,782431
107,Kyle Perkins,4865,324871
108,Donald Ramirez,829,809889
109,Michelle Becker,5824,212795
110,Stephen Johnson,7759,311662
111,Jon Williams,1697,882965
112,Gabriella Kidd,3572,521009
113,Nicole Simmons,6884,573361
114,Katherine Duran,2403,992646
115,Wayne Miller,8076,144037
116,Tammy Lawson,5062,754529
117,Zachary Stevens,1802,912639
118,Ms. Diana Newton,5024,629170
119,Ann Aguilar,6242,501011
120,Amber Harris,1273,815849
121,Kelly Ward,9495,675322
122,Jessica Harris,7514,864307
123,Mary Clark,9556,313916
124,Angelica Velasquez,5658,987546
125,Amanda Curtis,4693,914604
126,Beth Rogers,3908,394277
127,Carrie Ortiz,5428,501062
128,Deborah Rice,2797,894201
129,Charles Finley,6185,557448
130,Michael Graham,5886,632455
131,David Smith,2964,238819
132,Michael Perez MD,3800,362083
133,Carlos Johnson,7762,627794
134,Susan Thomas,7482,437453
135,Jonathan Mcclure,1189,215569
136,Meredith Robles,9616,944736
137,Alexander Frazier,7938,911137
138,Samantha Russell,9150,787159
139,Cody Braun,7672,481039
140,Brandi Black,8908,770737
141,Matthew Walker,8027,946146
142,Sean Beard,6152,418403
143,Jonathan Munoz,5069,359646
144,Nicole Mora,2162,517212
145,Brian Wolf,3514,685578
146,Melody King,411,869133
147,John Richardson,4269,127339
148,Mr. Peter Edwards,2714,761980
149,Heather Barnes,8508,899281
150,Eugene Brown,1360,904482
151,Debra Torres,8016,586156
152,Stephanie Johnson,7492,349649
153,Thomas Garcia,3145,115082
154,Julie Bennett MD,3494,672445
155,Gary Barnes,3812,235508
156,Ryan Stone,3881,227122
157,Shawn Payne,3022,515284
158,Kristin Patterson,8466,681185
159,Geoffrey Reilly,4685,945192
160,Peter Gutierrez,7955,867395
161,Daniel Hopkins,9325,433758
162,Jeffrey Vazquez,1945,858954
163,Bobby Conley,8085,975592
164,Sabrina Wells,9673,156052
165,Christopher Bowen,9943,123111
166,Michael Ingram,3906,447855
167,Emily Hernandez,2323,650784
168,Julia Griffin,9676,118176
169,Erik Williams,4363,437316
170,Timothy Jenkins,6512,415583
171,Collin White,962,507943
172,Valerie Mendoza MD,3870,872218
173,Amanda Cruz,7266,967241
174,Darryl Harrison,5110,935382
175,Jesse Rivas,6813,473816
176,Sarah Baxter,7509,420233
177,Eric Stevens,5147,144654
178,Brandon Compton,2354,354784
179,Michael Schmidt,6690,927800
180,Terry Callahan,8088,753935
181,Keith Cole,7243,432983
182,Diana Bennett,4475,344045
183,Alyssa Walker,6789,405766
184,Jesse Herrera,5160,790435
185,Katelyn Salinas,1446,305583
186,Eric Wilson,2373,695279
187,Lori Green,397,846681
188,Vincent Wallace,8078,286662
189,Jonathan Wilkins,5349,119797
190,Jack Gardner,2628,826632
191,Joseph Watkins,7102,838904
192,Holly Shannon,3164,779226
193,David Steele,6765,846082
194,Rachel Gilbert,7873,465380
195,Gabriel Perry,815,716986
196,Kelly Garcia,8731,458459
197,Patrick Cole,1073,270705
198,Allison Levy,4331,647216
199,Brian Hodge,4112,144976
200,Barbara Osborn,7522,585690
201,Lori Stewart,2256,142929
202,Sandra Ayala,3869,758608
203,Morgan Johnson,3595,112412
204,Larry Aguirre,3296,218170
205,Lisa Coleman,2886,293886
206,Joshua Carroll,9150,789530
207,Courtney Le,1296,792547
208,Karen West,973,161975
209,Wendy Brock,3976,503691
210,Nathan Cline,7014,959142
211,Lisa Lee,7554,467849
212,Frank Carr,5933,194649
213,Arthur Rodriguez,5122,860801
214,Kim Lindsey,8749,712046
215,Brian Fleming,2009,414548
216,Teresa Parker,3038,703575
217,Mr. Thomas Cohen,9999,234262
218,Janet Bates,8894,541234
219,Scott Hughes,331,333875
220,Anne Francis,6560,592898
221,Summer Mcdonald,131,963050
222,Roger Page,3415,241673
223,James Cabrera,6952,443760
224,Brian Haley,2659,518785
225,Ronald Jones,8467,921433
226,Megan Norton,9118,903758
227,Mr. Justin Phillips MD,5131,613386
228,Cynthia Erickson,2944,600553
229,Elizabeth Welch,6280,655370
230,Adam Moore,8929,361515
231,Philip Taylor,4145,961019
232,Katherine Reed,1786,280238
233,Karen Evans,1275,421204
234,Sandra Brown,7528,384436
235,Theresa Fernandez,6073,861172
236,Hannah Rivera,232,719227
237,Ashley Adkins,2265,530142
238,Robert Johnson,5538,662639
239,Michelle Foster,4173,394878
240,Ian Jones,3153,283192
241,Emily Miller,6711,598359
242,Melissa Thompson,8631,532731
243,Stephanie Valdez,8027,399435
244,Joshua Gross,3834,483746
245,Angela Miller,2241,943362
246,Tina Higgins,424,167530
247,Valerie Murray,1351,535090
248,Kevin Smith,5766,903799
249,Terry Johnston,4075,508619
250,Rachael Yoder,9670,888554
251,Matthew Delacruz,4603,346306
252,Sean Flores,139,540868
253,Steven Burch,3874,938912
254,Crystal Nixon,4161,762173
255,Jason Carter,1260,319781
256,Amy Lopez,9970,531549
257,Jason Anthony,3089,864227
258,Zachary Stanley,626,819249
259,Frederick Huynh,9446,610514
260,Tara Williams,6512,446168
261,Mrs. Tiffany Johnston,8159,295887
262,Janet Howell,2117,965471
263,David Coleman,9170,790346
264,Jessica Hood,1130,509695
265,David Williams,4931,644891
266,Erica Smith,2134,703259
267,Christina Watts,1383,888675
268,Tom Patterson,9724,832985
269,Russell Jones,9032,325535
270,Megan Oneal,4019,210162
271,Stephen Garcia,1756,717178
272,Trevor Simmons,2040,560309
273,Tina Anthony,492,470895
274,Sara White,2299,549200
275,Mark Gregory,5696,996177
276,Marcus Campbell,8941,462468
277,Adrian Briggs,9258,524042
278,Kathleen Morton,3657,968116
279,Nicole Vega,8806,767965
280,Dr. Christine Diaz,7958,771595
281,David Mata,2671,355285
282,Susan Gonzales,6474,713988
283,Marc Nash,3973,959858
284,Jesus Turner,1965,196462
285,Elizabeth Austin,6314,433343
286,Elizabeth Hernandez,309,850007
287,Anna Morris,3895,684552
288,Jackson Kent,2814,412568
289,Danny Lopez,7249,301739
290,Shawn Cooper,515,650690
291,Sharon Barker,9534,278058
292,James Hurst,3469,754239
293,William Estrada,7008,241208
294,Gary Hudson,976,511942
295,Cheryl Taylor,7710,387965
296,Carlos Wright,2860,627150
297,Tina Guzman,7209,282657
298,Tracy Parker,8592,377248
299,Jessica Smith MD,5632,457904
300,Judith Davis,2895,408902
301,David Martin,3617,253449
302,Grace Webb,1049,920976
303,Susan Williams,7995,767297
304,Javier Meyer,9474,282871
305,Hannah Barker,9738,938815
306,Kurt Hunt,5461,290623
307,Carrie Neal,4737,154414
308,Christine Perry,193,229211
309,Allison Bailey,4778,670948
310,David Smith,1830,355792
311,Kenneth Gallagher,7584,541879
312,Nathan Lee,8134,508519
313,William Wang,4343,709919
314,Caleb Phillips,9863,537310
315,Janet Marshall,1709,479495
316,Victor Stevens,1296,468898
317,Monica Mcgrath,7619,285364
318,Lindsey Wood,5234,334755
319,Matthew Hanson,1687,368365
320,Matthew Taylor,320,550181
321,Valerie Francis,2048,122512
322,Paul Whitehead,9362,858649
323,Jonathan Collins,5950,209088
324,Connor Austin,8308,909401
325,Scott Reynolds,1492,461633
326,Richard Duffy,8771,415500
327,Jennifer Church,9389,123923
328,Juan Lopez,2885,634463
329,Stephanie Kramer,7796,958962
330,Barbara Carter,8685,224743
331,Steven Wilson,1657,815020
332,Yolanda Porter,8024,578069
333,Jesse Hays,2441,585453
334,Alexander Young,2037,239640
335,Andrew Hampton,1633,496998
336,Matthew Hicks,7476,198641
337,Ronald Barnes,696,294006
338,Christopher Russell,909,172355
339,Hailey Fleming,8692,804934
340,Timothy Jones,5333,155512
341,Dennis Lewis,3817,782064
342,Ann Hanson,4666,540485
343,Wendy Ward,8499,367055
344,James Soto,8246,216621
345,Ashley Diaz,8918,718603
346,Shannon Gillespie,8027,344993
347,Sharon Rodriguez,6042,962682
348,Cassandra Garcia,5977,502674
349,Mary Burke,2361,179814
350,Jeremy Hays,5505,812017
351,Elizabeth Lang,2705,736612
352,Danny Johnson,1230,717275
353,Jamie Spence,8448,726296
354,Daniel Price,2179,192059
355,Thomas Castaneda,2952,211402
356,Deborah Ross,6949,807324
357,Connie Davidson,1414,235730
358,Joel Nash,7472,128484
359,Joseph White,4693,204343
360,Amanda Rhodes,3696,838669
361,Kimberly Barnes,7497,928221
362,Bobby Brown,2984,223168
363,Corey Reed,6828,883454
364,Leslie King,5324,434461
365,Cassandra Nguyen,1520,886111
366,Christopher Douglas,7185,411299
367,Brian Hanson,696,519369
368,Andrew Pope,3364,766171
369,Robert Ramirez,5516,453765
370,John Lee,4620,762922
371,Jessica Vance,4650,550015
372,Cameron Gibbs,9793,820901
373,Bruce Patrick,2997,486250
374,Carolyn Conner,4872,212666
375,Keith Garner,6322,750187
376,Stephanie Wright,6769,668528
377,Mr. Patrick Murphy,1909,140134
378,Daniel Lutz,3150,300349
379,Eric Payne,5229,644347
380,Heidi Peterson,4800,780902
381,Angel Castro,8268,370712
382,Jennifer Grant,1909,170194
383,Dana Rice,3372,545671
384,Eric Odom,4981,846348
385,Jodi Thornton,9011,840741
386,Ann Kelley,8978,902852
387,Jeffrey Kelley,7304,990464
388,Casey Butler,7063,524445
389,Patricia Smith,6586,197969
390,Anthony Brown,2027,869679
391,Jason Perez,2940,709471
392,Wendy Livingston MD,8370,437887
393,Holly Smith,2450,868016
394,Carol Daniel,6726,604478
395,Kathy Phillips,3711,958429
396,Nathaniel Leach,1354,717648
397,Heather Dickson,7066,782778
398,Michael Sims,4691,262680
399,Theresa Gibson,6077,635389
400,Erica Frazier,4493,581184
401,Derrick Love,6090,359287
402,Barry Lee,2361,896489
403,Oscar Robinson,5426,702252
404,Michael Joseph,3969,271707
405,David Anderson,6682,142925
406,Steven Gonzalez,1434,295362
407,Haley Pena,9283,654025
408,Jennifer Mccall,3765,587161
409,Jordan Suarez,9331,120419
410,Amy Patterson,9823,326911
411,Nicole Cohen,8842,671960
412,Kimberly Clark,3527,643019
413,Luke White,9414,386565
414,Samantha Hunter,6457,298768
415,Danielle White,7747,219566
416,Eric Burton,529,431722
417,Eric Matthews,2315,265288
418,Stacie Jackson,2105,182818
419,Amy Ramos,8399,947919
420,Samuel Roy,754,572682
421,Ryan Smith,2079,310541
422,Linda Nielsen,2384,676466
423,Michael Brock,6873,495704
424,Dawn Williams,9554,223457
425,Brittany Forbes,2075,899268
426,Bryan Ellison,8923,461875
427,Rhonda Moss,6150,148033
428,Rachael Rangel,1397,791154
429,Timothy Raymond,1248,146006
430,Heather Wells,4765,224241
431,Stanley Rodriguez,276,807399
432,Nicholas Wright,8420,145060
433,Jacqueline Sanchez,4311,998503
434,Doris Yang,3646,236482
435,Pamela Smith,4678,408182
436,Stephen Russell,7610,499148
437,Richard Smith,9774,913736
438,Amanda Maxwell,463,256222
439,Todd Rhodes,8101,365916
440,Terrance Anderson,4584,644337
441,Christina Dixon,1827,328397
442,Lisa Banks,9588,690768
443,Dean Parks,4736,934728
444,Laura Wagner,8847,139229
445,Jason Ross,6905,640083
446,Randy Jacobson,3664,329348
447,Emily Holden,6970,948384
448,Nicholas Rojas,5992,690741
449,Julia Brown,1803,566097
450,Stacy Smith,4664,552362
451,Kimberly Lane,8023,619644
452,Thomas Waters,7159,860717
453,Linda Jones,4838,873123
454,Martha Little,5505,462812
455,John Simmons,7378,326287
456,John Haynes,6911,466235
457,Heather Rios,3691,588621
458,Katelyn Medina,6621,648664
459,Katie Jenkins,578,688924
460,Dr. Andrew Mitchell MD,5446,319935
461,Daniel Valenzuela,8852,546796
462,Jonathan Rodgers,4196,885160
463,William Clark,8618,993662
464,Travis Nelson,9106,155371
465,Derek Davis,5618,392569
466,Christopher Jackson,4238,938498
467,Lauren Morgan,5082,868664
468,Amanda Green,9088,698698
469,Jon Patterson,1029,883714
470,Bobby James,8278,877731
471,Julie Hanson,9829,590355
472,Larry Osborn,3052,135817
473,Tabitha Benjamin,3613,796898
474,Madeline Skinner,3632,943122
475,Lisa Davis,9002,196719
476,Jennifer Graham,9094,984171
477,Alexa Henderson,1869,340249
478,Ralph Bennett,2418,517457
479,Kimberly Smith,6212,141261
480,William Romero,2926,741495
481,Todd Baker,2311,498485
482,Emily Casey PhD,7479,120458
483,Anne Stevens,559,702379
484,Tiffany Calhoun,2638,633989
485,Maria Mitchell,1331,757763
486,Ashley Hughes,3696,576724
487,Anthony Navarro,6703,426632
488,Sonya Bryant,8721,131132
489,Adam Norman,267,770772
490,Susan Alvarado,5963,672872
491,Alexis Simpson,9618,431694
492,Christina Christian,3114,455432
493,Ms. Kristy Burns PhD,1911,298092
494,John Morse,3861,510808
495,Matthew Williamson,1974,741908
496,Tyler Mata,280,847822
497,Jordan Robinson,4792,636394
498,Mike Evans,8134,134286
499,Andrew Freeman,6687,955790
500,Steven Berry,1079,560175
501,Mary King,8235,554718
502,Patricia Madden,9167,463271
503,Michael Murphy,5610,696364
504,Thomas Jenkins,8886,411872
505,Stephen Thomas,7266,329168
506,Joshua Jackson,5560,425123
507,Ryan Jones,9582,179620
508,Bryan Trevino,2501,356880
509,Mary Sutton,9239,910645
510,Jason Carroll,7675,231197
511,Joseph Grant,3958,606069
512,Mr. Robert Moreno,2393,983713
513,Guy Avery,7037,827571
514,Mr. James Moore,589,547922
515,Scott Johnson,9220,291852
516,Leslie Jones,3267,263590
517,Thomas Vasquez,2509,308883
518,Nicole Beltran,7195,589607
519,George Ward,6705,759108
520,David Walker,1252,909056
521,Jessica Yates,7165,722551
522,Sandra Moore,4870,622519
523,Jaime Walker,4906,971187
524,Tara Smith,5960,825971
525,Alicia Moore,5344,323876
526,Danielle Martin,268,393824
527,Matthew Bender,5115,685739
528,Annette Moses,366,734361
529,Kenneth Mitchell,6967,836996
530,Tracy Hoover,8977,644688
531,Brianna Johnson,8811,926873
532,Tricia Hubbard,864,544435
533,James Manning,1868,564908
534,Janet Mclaughlin,684,818925
535,Zachary Williams,3140,141636
536,Richard Duarte,5747,306448
537,Stephanie Wagner,7143,385627
538,Debbie Richards,9909,355353
539,John Robinson,715,687617
540,Jacqueline Collier,7199,652964
541,Chelsea Jackson,7168,554621
542,Hector Proctor,282,752827
543,Amy Pierce,1805,584480
544,Virginia Stewart,2966,566523
545,Robert Roy,4974,383505
546,Juan Valdez,6039,756720
547,Kaitlyn Price,1689,191286
548,Bob Williams,663,341516
549,Crystal Anderson,5904,398725
550,Theresa Hernandez,3053,238210
551,Andrew Smith,3628,956315
552,Troy Carr,838,981884
553,Julia Miles,2494,382369
554,Frank Ramirez,5210,239590
555,Heidi Ross,9716,890880
556,James Kelly,394,542935
557,Jessica Freeman,6402,863842
558,Kevin Villegas,2448,221169
559,Erin Herrera,5571,824919
560,Scott Yoder,7519,565791
561,Audrey Banks,4972,239815
562,Gina Harris,975,534125
563,David Miles,7546,841673
564,Brooke Wolfe,7328,296055
565,Kevin Lopez,8321,592549
566,Jonathan Green,2431,831124
567,Hannah Ruiz,112,465568
568,Kimberly Johnson,9051,313412
569,Justin Lewis,9569,260313
570,Jordan Vargas,9644,125518
571,Christine Powell,1342,907747
572,Joseph Hawkins,8636,536812
573,Amanda Walsh,1179,716688
574,Troy Johnson,6038,510316
575,Mason Hughes,5376,158815
576,Gregory Gregory,6901,248618
577,Casey Daniels,6361,787690
578,Robert Thompson,5475,862614
579,Tracy Weber,6207,904262
580,James Harris,3434,638209
581,Brandi Goodwin,4201,629029
582,Amy Nguyen,2177,485564
583,April Crawford,5937,308253
584,Michael Howard,8062,646631
585,Melissa Mathews,1058,476638
586,Pam Lopez,6887,587301
587,Kirk Gonzalez,2382,699222
588,Leah Wilson,3693,920294
589,Sara Bauer,5318,666894
590,Wendy Shaw,6805,804016
591,Christopher Vega,644,674802
592,Michael Stone,8373,142903
593,James Chen,9157,927103
594,Steven Lopez,5788,149917
595,Elizabeth Hall,9583,961712
596,Robert Harrison,9416,718483
597,Joel Montgomery,5230,903535
598,Alyssa Mcbride,5614,414169
599,Martha Fitzgerald,8780,952666
600,Regina Phillips,3397,270101
601,Kristen Williams,2529,469978
602,Charles Allen,4539,671697
603,Joshua Gross,4759,426470
604,Deborah Ramirez,6517,182384
605,Lawrence Fox,4257,286501
606,Joseph Warren,7013,422942
607,Brian Ramos,1562,175480
608,Megan Singleton,1913,723254
609,Samuel Morris,4588,655894
610,Jonathan Norman,9587,842894
611,Mr. Gregory Salazar,896,327782
612,Kristen Graham,3149,427393
613,Clayton Jackson,4360,384520
614,Tammy Powers,9295,874660
615,Caleb Schroeder,5731,123098
616,Crystal Ochoa,3607,529948
617,Derek Bryan,5054,345754
618,Scott Jackson,1809,579878
619,Joanna Oliver,4498,935712
620,Victor Lee,3873,543543
621,Monica Johnson,6120,208118
622,Rachel Jenkins,4015,176242
623,Ricky Taylor,6520,675103
624,Joseph Li,5615,553228
625,Timothy Schmidt,6847,683819
626,Angela Ross,7712,436107
627,Eugene Shelton,9842,513411
628,Richard Hart II,4445,624108
629,Stephen Cooper,6043,599285
630,Nathan Kirk,2598,429239
631,Robert Gonzales,8825,205583
632,Austin Ball,1842,764854
633,Courtney Morris,4280,499925
634,Joseph George,5155,280283
635,Ashley Williams,2336,748487
636,Alicia Tate,1163,449226
637,Heather Mcdonald,5108,746682
638,Allison Hendrix,3386,799464
639,Michael Frost,4501,806230
640,Tiffany Delgado,7614,132039
641,Nicole Chapman,4939,124131
642,Raven Smith,5090,780482
643,Kelly Mcmahon,1425,172438
644,Nathaniel Burgess Jr.,409,355972
645,Michele Lowery,7795,333474
646,Kristina Reed,6484,802527
647,Catherine Nelson,8616,185986
648,Robert Brooks,5472,913517
649,George Nichols,4160,452579
650,Stephanie Hall,1057,632442
651,Brian Wilson,5847,440368
652,Amy Alvarez,9705,664404
653,David Salinas,2334,981506
654,Spencer Salazar,3942,537735
655,Tonya Collins,8041,768211
656,Christine Gates,1664,502798
657,Michelle Dorsey,2608,178194
658,Sherry Wilson,1186,683397
659,Julia Bell,5586,711451
660,Alexander Wiggins,5313,259410
661,Amanda Jensen,4240,688416
662,Christopher Harris,4472,508762
663,Erin Reid,1595,708070
664,Jill Stewart,9176,587374
665,Casey Pope,9952,484680
666,Tanner Hughes,1770,504469
667,Nicole Adams,599,682237
668,Michelle Fuller,7688,221690
669,Misty Garrison,3292,132646
670,Mrs. Tonya Lawrence MD,6256,874265
671,Julie Clark,759,649781
672,Jose Smith,4787,802433
673,Michelle Chang,3174,923311
674,Dominique Gonzalez,2838,766076
675,James Russo,8914,359413
676,Reginald Avila,9894,705926
677,Ashley Patel,6475,882368
678,Johnny Maynard,858,804501
679,David Ware,1978,385547
680,Steven Christensen,829,468426
681,David Aguirre,7629,946010
682,George Campbell,926,637009
683,William White,162,521834
684,Kathy Walsh,2286,543028
685,Todd Reyes,3442,503696
686,Craig Coleman,9585,406611
687,Daniel Zamora,7633,205369
688,Rachel Kaufman,762,495363
689,Jacob Bailey,9087,574239
690,Samuel Holloway,2658,568425
691,Nicholas Smith,3163,366337
692,Jennifer Miller,2851,984167
693,Sonya Munoz,316,699335
694,James Rios,4425,777261
695,Omar Haynes,2673,607432
696,Jessica Juarez,9536,551807
697,Diamond Brown,5465,224600
698,Edward Little,3353,935974
699,Mr. Jason Fleming,4277,259713
700,Elizabeth Mckee,7084,819986
701,Jamie Lowe,6552,894648
702,Vanessa Hernandez,6815,328818
703,Mr. Cody Mejia II,8100,570231
704,Crystal Ramos DVM,8104,338363
705,Donna Gutierrez,7215,112842
706,James Phillips,4542,445003
707,Tiffany Chaney,1854,989686
708,Shane Sandoval,4681,672484
709,Jason Wright,4761,452297
710,Emily Arroyo,8948,363025
711,Maria Patterson,1589,416414
712,Vincent Ball,4286,423242
713,Stephanie George,6336,149164
714,Richard Arellano,7114,831239
715,Amy Terrell,1398,933331
716,Tiffany Bowen,3675,302339
717,Jacob Jones,5546,905076
718,Mary Miles,4501,147769
719,John Collins,3767,873235
720,Nicole Hamilton,8299,889769
721,Chad Reid,8903,646660
722,Ryan Coleman,2449,973654
723,Robert Evans,7984,262637
724,Brian Lopez,3869,497277
725,Samantha Mckee,1393,336506
726,Grant Barnes,5310,471003
727,Jesse Wilkins,1913,155616
728,Susan Hendricks,6768,858196
729,Diana Wright,7581,164852
730,Tina Mahoney,3411,542732
731,Lori Daniel,7760,735717
732,Dr. Nicole Conley DDS,8082,863053
733,Anthony Tran,2721,763597
734,Regina Edwards,9075,744672
735,John Shelton,5791,687483
736,Ashley Long,4048,173170
737,Sarah Reynolds,9894,927112
738,John Taylor,5499,251351
739,Lori Santos,3764,408693
740,Sarah Mcmahon,2803,941285
741,Patricia Calderon,181,173188
742,Sandra Scott,2028,631928
743,Ian Thornton,6307,351059
744,Carl Norman,5414,858222
745,Karen Molina,3420,636810
746,Mr. Paul Casey,4725,557481
747,Peter Campbell,2110,412528
748,Adriana Grant,615,402566
749,Vincent Johnston,7501,699115
750,Micheal Davis,312,698400
751,Jordan Johnson,1377,240105
752,Alex Mason,1277,794319
753,Zachary Howard,7794,145310
754,Mrs. Debra Tucker,8879,757054
755,David Barajas,7085,886299
756,Susan Brown,3014,831821
757,David Clay,4413,466852
758,Ronnie Wood,5383,144067
759,Heidi Decker,2322,722167
760,Monica Cooley,167,260213
761,Angela Bryan,3390,265224
762,Kevin Graham,1327,830064
763,Jason Kerr,5822,282462
764,Thomas Richardson,7297,551165
765,Mark Johnson,3593,863482
766,Daniel Bryan,9677,986838
767,William Walker,6265,644434
768,Kayla Foster,5836,872592
769,Mallory Hampton,1717,932597
770,Mikayla Atkinson,5860,757918
771,Michael Campbell,4194,785659
772,Sharon Leon,8993,971883
773,Jesus Wright,1470,822698
774,Robert Schaefer,9816,796766
775,Adam Crosby,9297,490837
776,Susan Burton,1933,871050
777,Jennifer Simmons,9755,238942
778,Adam Montgomery,8312,241938
779,Todd Wall,9947,158427
780,Robert Scott,7494,402637
781,Jacqueline Case,9320,697359
782,Samantha Moreno,7971,615113
783,Robin Grant,9136,309758
784,Mr. James Murray,5649,302576
785,Leslie Alvarado,7785,606898
786,Shannon Smith,9773,574882
787,Michael Newton,7681,456915
788,Tony Moreno,9139,471864
789,Michael White,3092,165593
790,Briana Zimmerman,2446,796100
791,Alice Swanson,5349,381274
792,Tina Galvan,5090,168962
793,Jason Adams,9910,463338
794,Brittany Adams,9929,361382
795,Christopher Schultz,3756,809355
796,Jonathan Flores,2621,267229
797,Michele Salazar,7832,206537
798,Peter Valdez,665,415009
799,Eric Graham,9296,211841
800,Emma Wood PhD,214,279465
801,Daniel Brooks,1342,966976
802,David Brown,2759,594567
803,Matthew Garcia,5952,773214
804,Tammy Mata,5386,596777
805,Dawn Rivera,9808,146364
806,Joanna Bell,5814,973190
807,April Lewis,5872,407633
808,Matthew Griffin,6407,710041
809,Nathaniel Garcia,6237,484568
810,Adam Pham,4910,602725
811,Brandi Hobbs,4301,161065
812,James Rice,1177,855707
813,Elizabeth Cole,7688,355963
814,Julian Smith,7508,113831
815,Mark Gates,643,782460
816,Lisa Barber,9465,905052
817,Jason Carey,6023,150541
818,Amanda Allen,455,604148
819,Andrew Fowler,3148,231167
820,Michael Petty,8297,807493
821,Linda Garcia,8049,380281
822,Krystal Wilkinson,2800,252716
823,Victor Curry,1927,607393
824,Rhonda Moreno,9231,670945
825,Alexander Carr,5284,800593
826,Christopher Berger,8596,774927
827,Wendy Rivers,2418,478934
828,Justin Edwards,5171,344651
829,Hailey Harris,6742,353266
830,Lisa Small,1175,748696
831,William Herrera,2396,442198
832,Heather Wolf,7856,666997
833,Emily Smith,7484,460845
834,Dillon Fisher,6207,340600
835,Denise Sanders,249,321107
836,Renee Thomas,9639,673611
837,Karen Roberts,4221,725797
838,Amber Howard,768,217003
839,Kevin Oneill,7223,279920
840,Brittany Burke,318,732313
841,Rachel Barrett,7082,856119
842,Joseph Carroll,9081,227712
843,Antonio Bean DVM,9347,326213
844,Steven Bird,6371,373044
845,Amy Gardner,5409,469165
846,Amanda Frank,517,337379
847,Charles Wade,8813,356687
848,Lori Mullins,6786,484740
849,Marcus Walker,7029,414452
850,Christina Rivas,3990,351799
851,Shawn Harris,4059,966509
852,Russell Cunningham,8553,902311
853,Ashley Randall,3819,116850
854,Stacy Nielsen,7073,242203
855,Shannon Long,5323,719456
856,Donald Phillips,3462,765493
857,Sara Flores,3238,665508
858,Michelle Sanchez,513,568912
859,Timothy Foster,4145,473150
860,Philip Adams,2291,647814
861,Ivan Gonzalez,2335,295495
862,Melissa Kim,1238,567389
863,Jeanette Bailey,9168,949077
864,Christopher Morgan,4061,350715
865,Sarah Mathis,4491,727173
866,Ryan Turner,5075,154791
867,Heather Munoz,6575,225421
868,Zachary Kelly,5019,147410
869,George Rodriguez,7054,322403
870,Douglas Watts,3973,412917
871,Julia Arellano,3829,544694
872,Lisa Spencer,4341,907412
873,Valerie Baker,2541,349673
874,Emma Peterson,7979,258936
875,Joshua Cabrera,1880,353658
876,Wanda Curry,6445,652672
877,Amy Marshall,936,411403
878,Jaime Hicks,4796,632863
879,Caleb Howell,5567,404080
880,Crystal Roberts,847,456310
881,Courtney Mccoy,2758,133414
882,Mr. Robert Smith Jr.,5580,405344
883,Steven Bowman,8108,914566
884,Ian Price,7142,929624
885,Ryan Kent,2717,925619
886,Joseph Livingston,8556,403577
887,Robert Garcia,9809,278967
888,Amanda Gray,3676,916478
889,Dominique Allen,7411,420370
890,Cesar Henry,7250,552367
891,Jonathan Miller,2733,676140
892,Mary Clark,9133,888169
893,Amber Sullivan,1917,248026
894,Katherine Thomas,8940,856618
895,Edward Wheeler,213,894543
896,Phillip Frazier,4643,593213
897,Jordan Melton,4741,411250
898,Jose Smith,2244,138517
899,Casey Cantrell,2132,765101
900,Christian Greene,7462,902660
901,Elizabeth Craig,4003,239119
902,Linda Reed,7695,694174
903,Sarah Jones,7999,248661
904,Lisa Miller,9567,558256
905,Meghan Williams,9281,449025
906,Melissa Holloway,5075,157790
907,Rachel Diaz,6633,568210
908,William Aguilar,1038,139643
909,Mr. Kenneth Wilson,1576,824688
910,Vicki Kim,7563,391670
911,Tammy Thomas,5010,333503
912,James Roman,8191,771879
913,Carol Valencia,6474,757105
914,Clifford Glover,4904,712887
915,Stacey Williams,2063,821707
916,Stephen Thomas,2497,596089
917,Kevin Simpson,9472,390911
918,David Hodge,4879,940108
919,Lisa Lewis,1514,393137
920,Kyle Smith,1552,425208
921,Barbara Hernandez,3159,713399
922,Scott Jordan MD,7628,821354
923,Kathleen Meyer,5216,862555
924,Pamela Anderson,3408,268694
925,Susan Hernandez,8409,834448
926,Austin Rivera,3998,843494
927,Joshua Burke,8272,963489
928,Michelle Carpenter DDS,2246,657931
929,Martha Morris,8609,990692
930,Angela Huynh,6967,894302
931,Joshua Proctor,3954,270000
932,Maurice Lee,869,985187
933,Miguel Thomas,3061,521249
934,Kathryn Ramirez,8723,414418
935,Danielle Herman,2786,685645
936,Michael Ortiz,3884,281078
937,Austin Peters,2861,956877
938,Tammy Johnson,8586,239668
939,Suzanne Gomez,5062,546614
940,James Stein,630,907765
941,Sarah King,8862,151890
942,Martin Vargas,7556,581082
943,Alexis Hoffman,7863,429994
944,Christina May,565,863943
945,Mrs. Kimberly Peters,3825,999680
946,Angelica Marquez,8742,533472
947,Jeremy Murphy,2121,659980
948,Marilyn Wilson,917,750846
949,William Bryant,6738,117364
950,Charles Anderson,9651,711478
951,Norma Thompson,8341,189649
952,Kathleen Sullivan,782,863372
953,Bobby Hunter,835,256738
954,Joann Thomas,1245,311181
955,David Herrera,7186,333614
956,Mark Gill,7696,739552
957,Ashley Meyer,7211,295919
958,Emily Rivera,1512,631338
959,Cameron Parker,4418,718323
960,Matthew Cross,332,146697
961,Cassandra Fowler,7999,211679
962,Sharon Hill,5163,923715
963,Dean Johnson,8467,219091
964,Emily Jones,4980,388021
965,Veronica Wang,1569,632845
966,Melissa Crawford,2826,368430
967,Susan Lopez,9658,167854
968,Monique Sheppard,1978,500662
969,Joseph Vazquez,7145,745313
970,Cindy Johnson,7330,990699
971,Terrence Bullock,8065,470329
972,Andrea Gibbs,7510,513847
973,Tamara Perez,7049,797659
974,Stephanie Barrett,8437,497428
975,Jeremy Brandt,3341,689301
976,Patrick Bennett,2157,676407
977,David Martin,2150,665448
978,Susan Stuart,3175,586320
979,Kelly Thompson,9532,196040
980,Angel Jones,5571,602274
981,Hayden Sullivan,9563,460050
982,Heidi Turner,7372,442524
983,Melissa Strickland,191,709218
984,Sue Stone,817,753805
985,William Sherman,9341,234053
986,Melissa Haney,1404,180777
987,Joshua Rowe,9406,233301
988,Amy Morrison,8126,544131
989,Linda Vaughn,9658,499881
990,William Lopez,6029,574071
991,Casey Smith,8044,129973
992,Lindsey Jenkins,338,351669
993,Tyler Morrison,6945,749448
994,Monica Parker,2793,325695
995,Ethan Lee,6006,526809
996,Eddie Reese,8280,356888
997,Joshua Jacobs,4336,837999
998,James Scott,9314,948920
999,Robert Cruz,4339,155960
