,product_id,product_name,price,category
0,26340,Shirt,50982176,Clothing
1,737338,Towels,53118078,Clothing
2,14764,Unbranded Wooden Keyboard,46182776,Electronics
3,73165,Cotton Salad,60641501,Sports
4,983296,Rubber Pants,20647615,Clothing
5,371683,Plastic Car,25267084,Beauty
6,54535,Keyboard,62153766,Home
7,184713,Rustic Computer,17326053,Shoes
8,86625,Gloves,60362746,Computers
9,77051,Pizza,7547194,Games
10,744752,Handcrafted Metal Fish,46067587,Movies
11,393231,Handmade Tuna,231455,Music
12,645871,Rustic Granite Bacon,31391163,Health
13,577089,Rubber Bike,80549693,Tools
14,70544,Bike,65409500,Tools
15,962289,Chips,82863698,Music
16,789766,Incredible Steel Fish,41572155,Garden
17,68976,Small Ball,69122942,Toys
18,829461,Ergonomic Frozen Chair,71743253,Books
19,181155,Small Gloves,46510177,Books
20,329496,Granite Table,39711449,Garden
21,971556,Unbranded Tuna,37868152,Grocery
22,29073,Plastic Chips,84226116,Tools
23,575322,Fresh Cheese,29850242,Garden
24,9449,Granite Towels,52065067,Shoes
25,194468,Granite Tuna,22316662,Home
26,387371,Incredible Cotton Chips,3012227,Home
27,676851,Unbranded Metal Tuna,91423482,Tools
28,885466,Pizza,54036067,Books
29,555624,Wooden Ball,82332897,Movies
30,145162,Tuna,1337292,Health
31,259920,Ergonomic Cotton Towels,41388832,Sports
32,557091,Frozen Mouse,6584274,Beauty
33,449507,Steel Cheese,82527444,Shoes
34,193385,Computer,66400318,Movies
35,700083,Small Bike,14815664,Clothing
36,185101,New Pants,67936648,Grocery
37,884492,Chips,51121323,Sports
38,618908,Rustic Granite Bacon,43544632,Tools
39,702126,Tasty Wooden Computer,74209938,Kids
40,108895,Soap,47169971,Shoes
41,447733,Granite Pizza,41207835,Computers
42,680653,Plastic Chips,45750023,Kids
43,749759,Fresh Pants,17087565,Health
44,968539,New Soft Cheese,6393822,Shoes
45,440838,Soap,43925861,Home
46,315736,Sausages,52647791,Grocery
47,578492,Practical Gloves,73257866,Home
48,139104,Mouse,82846107,Industrial
49,585088,Plastic Shirt,67631143,Sports
50,802532,Cotton Computer,2031024,Clothing
51,730147,Wooden Ball,2938005,Music
52,662897,Granite Bike,18912302,Home
53,30666,Awesome Metal Cheese,15007389,Movies
54,684298,Granite Fish,42296755,Movies
55,947673,New Bike,63468280,Outdoors
56,870315,Rustic Frozen Towels,48760884,Health
57,677576,Handmade Gloves,58753924,Health
58,447597,Ball,43831346,Outdoors
59,898755,Gorgeous Shoes,31946508,Automotive
60,241610,Rubber Soap,57229786,Shoes
61,318340,Car,17199388,Games
62,456955,Chicken,55793723,Games
63,165954,Unbranded Fresh Soap,74216107,Health
64,4270,Sleek Plastic Shoes,90409244,Electronics
65,791409,Sausages,89539680,Baby
66,528757,Incredible Chicken,33899986,Jewelery
67,253550,Small Chair,23660128,Home
68,814202,Concrete Shoes,71976580,Books
69,876358,Wooden Fish,84995239,Grocery
70,559689,Soft Bacon,53030032,Jewelery
71,510406,Ergonomic Frozen Pants,79789810,Automotive
72,934233,Gently Used Soft Mouse,41967593,Toys
73,349645,Wooden Mouse,15564115,Home
74,462841,Metal Mouse,18779861,Automotive
75,446136,Gorgeous Cotton Hat,34253859,Music
76,208902,Soap,84047127,Baby
77,888547,Intelligent Cotton Towels,26098625,Clothing
78,383300,Rubber Pants,409713,Sports
79,751374,Gorgeous Metal Shirt,24202264,Electronics
80,758222,Car,35030241,Shoes
81,520809,Generic Bike,63111543,Books
82,779006,Unbranded Ball,3637160,Music
83,767377,Licensed Sausages,43499845,Baby
84,431160,Concrete Bacon,65028243,Kids
85,524940,Wooden Mouse,57258982,Tools
86,822098,Tasty Hat,60407424,Clothing
87,410238,Wooden Car,49608758,Garden
88,183639,Fish,11723414,Home
89,72927,Unbranded Concrete Keyboard,63278403,Games
90,131242,Awesome Cheese,74399716,Books
91,792162,Steel Mouse,5939573,Jewelery
92,147729,Licensed Sausages,3568131,Garden
93,959632,Generic Plastic Tuna,32220838,Electronics
94,980564,Frozen Bike,74032282,Electronics
95,591204,Keyboard,38658275,Books
96,779885,Awesome Wooden Bike,8106401,Jewelery
97,544697,New Chair,40197828,Garden
98,69453,Awesome Bacon,68939313,Home
99,802160,Bike,61434066,Kids
100,591644,New Keyboard,88484784,Sports
101,488332,Soft Car,29993288,Jewelery
102,332547,Refined Plastic Computer,74449443,Jewelery
103,798565,Fantastic Cheese,45495434,Clothing
104,529207,Used Concrete Bacon,77463764,Kids
105,618683,Tasty Metal Sausages,72274875,Shoes
106,671848,Tuna,9292030,Kids
107,990155,Mouse,21643147,Baby
108,166141,For repair Cotton Towels,33075734,Shoes
109,20960,Fresh Ball,38638525,Clothing
110,372074,Fish,40681690,Grocery
111,24072,Rubber Shoes,79665625,Music
112,183759,Unbranded Fresh Bacon,79459036,Health
113,314482,Wooden Shirt,93291603,Books
114,559001,Gloves,22654604,Computers
115,482112,Practical Cotton Chips,71360839,Shoes
116,387909,Handmade Steel Keyboard,20270558,Industrial
117,91686,Gorgeous Fresh Towels,87884377,Grocery
118,200006,Unbranded Pants,47256230,Beauty
119,142876,New Table,55239608,Grocery
120,183199,Generic Hat,19899100,Health
121,313788,Handmade Tuna,48685573,Electronics
122,701189,Refined Fresh Chair,71539971,Outdoors
123,501890,Refined Concrete Ball,18369603,Clothing
124,624094,Refined Rubber Hat,43086147,Kids
125,990168,Used Shoes,38445489,Home
126,608890,Frozen Bike,92806671,Sports
127,954609,Awesome Concrete Tuna,48452098,Home
128,883751,Steel Bike,49838152,Outdoors
129,272103,Rustic Bacon,3338659,Health
130,456100,Used Gloves,41810152,Toys
131,731515,Intelligent Bike,82666291,Books
132,887529,Licensed Cotton Towels,86159204,Music
133,265801,Soft Mouse,97176835,Jewelery
134,925377,Unbranded Tuna,28689528,Sports
135,968577,Gently Used Bike,53350031,Electronics
136,461552,Handcrafted Chips,67688538,Jewelery
137,458374,Fantastic Concrete Pizza,59370023,Baby
138,702077,Used Fish,15724217,Kids
139,785977,Fresh Sausages,91593917,Beauty
140,124918,Wooden Hat,93251469,Industrial
141,311183,Plastic Chips,75809722,Garden
142,851147,For repair Steel Table,15880178,Health
143,360904,Mouse,45515430,Clothing
144,926090,Generic Computer,58877779,Garden
145,429807,Salad,47517959,Games
146,914661,Soap,35917771,Electronics
147,293458,Rustic Plastic Bike,96411377,Health
148,483853,Practical Gloves,75859935,Beauty
149,674643,Small Keyboard,32231526,Movies
150,678481,Metal Chips,6389084,Shoes
151,52659,Pizza,77675182,Electronics
152,455273,New Hat,4640753,Shoes
153,328699,Awesome Salad,30965909,Shoes
154,291237,Tasty Chicken,84822582,Sports
155,251695,Frozen Fish,51906572,Garden
156,446858,Gorgeous Chicken,15431821,Automotive
157,714180,Rubber Ball,35314867,Baby
158,683572,Gently Used Computer,21392009,Automotive
159,305426,Mouse,6460753,Games
160,275353,Intelligent Ball,40584116,Outdoors
161,859037,Incredible Chips,17136575,Tools
162,874194,Ergonomic Pants,55335781,Garden
163,168093,Frozen Pants,84418462,Beauty
164,172321,Incredible Car,5955209,Health
165,887886,New Car,13708012,Movies
166,207685,Rustic Fish,11167746,Computers
167,796863,Mouse,29049900,Kids
168,157204,Plastic Towels,71704330,Clothing
169,135277,Shoes,24262453,Computers
170,111688,Generic Pants,99989686,Automotive
171,253939,Fish,7088086,Garden
172,295438,Gorgeous Car,89174276,Games
173,525458,Wooden Cheese,6031273,Movies
174,623869,Gorgeous Bacon,88874674,Baby
175,453965,Rubber Salad,35388704,Garden
176,756548,Bike,71077687,Grocery
177,819730,Table,84652685,Outdoors
178,898349,Wooden Tuna,34078010,Toys
179,104655,Used Pizza,92344178,Books
180,756071,New Mouse,58966790,Books
181,595141,Generic Cotton Car,18417289,Beauty
182,929906,Table,4042374,Industrial
183,482627,Bike,87088983,Books
184,442076,Handcrafted Rubber Fish,34623830,Tools
185,379994,Mouse,74899037,Industrial
186,778915,Gloves,87447273,Automotive
187,697277,Steel Bacon,23995105,Tools
188,204727,Cheese,90659387,Tools
189,284230,Gorgeous Granite Mouse,12516007,Health
190,886558,New Chair,57671443,Music
191,340161,Cotton Pants,3649238,Books
192,114598,Plastic Chips,17755687,Beauty
193,900349,Car,81902429,Games
194,572070,Chair,27527503,Baby
195,543493,Practical Frozen Bike,27742979,Beauty
196,758489,Ergonomic Soap,97158987,Tools
197,398857,Unbranded Pants,91296827,Garden
198,406113,Steel Bike,74661561,Toys
199,502696,Chair,81754777,Baby
200,685248,Ergonomic Cotton Table,18614194,Automotive
201,698552,Ergonomic Soap,20746617,Tools
202,342182,Fantastic Steel Shoes,60616550,Kids
203,965273,Used Cotton Hat,93293552,Toys
204,286104,For repair Chicken,26575845,Jewelery
205,246020,Awesome Sausages,42202207,Beauty
206,641805,Practical Frozen Fish,80278742,Garden
207,686535,Fresh Sausages,25575900,Beauty
208,290856,Gloves,96508995,Industrial
209,396936,Chair,98674974,Toys
210,604151,Chair,53897300,Baby
211,22604,Sleek Car,76975978,Automotive
212,194407,Metal Computer,3429242,Books
213,265178,Fantastic Wooden Soap,93272726,Tools
214,283884,Soft Ball,35834277,Toys
215,971389,Refined Frozen Shoes,24476545,Grocery
216,352176,Computer,38419839,Home
217,616383,Sleek Tuna,24326631,Books
218,419849,Soft Soap,23836521,Electronics
219,36275,Handmade Bacon,13908130,Jewelery
220,999004,Pants,77172298,Computers
221,437813,Refined Soft Chips,81597076,Jewelery
222,372831,Chicken,93380865,Grocery
223,513595,Incredible Soft Pizza,22490326,Industrial
224,982642,Gently Used Car,37578687,Toys
225,732023,Wooden Chicken,63941152,Electronics
226,259499,Frozen Shirt,93415062,Beauty
227,351164,Incredible Frozen Bike,25064685,Shoes
228,121997,Awesome Pants,59104671,Outdoors
229,659843,Pizza,39207965,Books
230,971302,Steel Salad,85102234,Games
231,814357,Plastic Shoes,53540792,Tools
232,240384,New Frozen Tuna,12659072,Outdoors
233,827068,Frozen Soap,5614272,Automotive
234,144593,Gloves,68374146,Movies
235,176129,Awesome Concrete Table,88971663,Movies
236,931669,Towels,29035326,Grocery
237,580737,Handcrafted Cotton Computer,43621991,Garden
238,339271,Pizza,49601140,Sports
239,178907,Concrete Salad,42758596,Games
240,376531,For repair Shirt,41542807,Music
241,410171,Tasty Chicken,86632616,Tools
242,450502,For repair Fish,61364885,Health
243,67727,Soft Gloves,70009190,Movies
244,349561,Rustic Metal Table,61075552,Home
245,916374,Chips,62358751,Grocery
246,822926,Tuna,92190447,Beauty
247,85638,Gloves,3262645,Toys
248,710358,Bacon,53257219,Computers
249,271341,Rustic Salad,12383416,Electronics
250,678641,Tuna,14012693,Jewelery
251,724375,Metal Towels,75128235,Clothing
252,681932,Practical Table,20606386,Shoes
253,493883,Licensed Wooden Mouse,17195197,Electronics
254,356001,Fantastic Wooden Salad,30233695,Industrial
255,816989,Intelligent Hat,3682102,Health
256,840935,Small Chips,27577283,Clothing
257,63730,Chicken,51700693,Tools
258,831982,Practical Chips,4533705,Movies
259,723060,Chips,76783192,Garden
260,515219,Concrete Bacon,23645321,Movies
261,747634,Rustic Rubber Chicken,12207063,Clothing
262,334736,Shirt,61286486,Games
263,654562,Tasty Concrete Sausages,5549766,Health
264,467737,Shirt,88921184,Grocery
265,677007,Soft Tuna,26455350,Electronics
266,68013,Frozen Cheese,84069989,Industrial
267,599934,For repair Metal Keyboard,28811534,Shoes
268,462562,Fresh Shirt,36617420,Music
269,504345,Fantastic Steel Hat,4108881,Beauty
270,768313,Car,11673892,Industrial
271,619305,Refined Salad,64763496,Books
272,580484,Chips,53649911,Books
273,245219,Sausages,41595834,Tools
274,642028,Rubber Shoes,95549485,Industrial
275,617377,Soap,39135573,Clothing
276,599842,Steel Keyboard,73613648,Kids
277,539776,Rubber Keyboard,90972806,Sports
278,815515,Intelligent Metal Towels,82090879,Industrial
279,383286,Sleek Soft Cheese,85157137,Shoes
280,382741,Chicken,15082466,Books
281,147048,Wooden Gloves,3630827,Electronics
282,672918,Chair,21105412,Jewelery
283,778936,Intelligent Keyboard,30406792,Baby
284,995070,Fantastic Ball,92938976,Grocery
285,852447,Gently Used Frozen Hat,49134263,Computers
286,802405,Gorgeous Concrete Mouse,83620936,Books
287,146590,Used Granite Ball,30514284,Sports
288,101419,Handcrafted Frozen Table,13209084,Tools
289,237185,Gloves,6830735,Toys
290,584799,Shirt,46716419,Kids
291,332705,Plastic Table,31619750,Movies
292,44528,Rustic Towels,2714922,Shoes
293,177145,Incredible Concrete Towels,44862642,Games
294,419364,Sleek Soft Car,70230446,Games
295,438816,Gently Used Granite Bacon,53764531,Computers
296,655891,Handmade Sausages,70458075,Garden
297,77654,Concrete Shoes,49500898,Health
298,967524,Gorgeous Plastic Pants,35720829,Baby
299,914976,Towels,56122347,Movies
300,240757,Plastic Keyboard,11726790,Baby
301,912366,Soft Cheese,48699488,Baby
302,807327,Incredible Steel Keyboard,96902199,Books
303,471085,Incredible Chair,16621524,Grocery
304,46181,Soft Pants,52020161,Shoes
305,864994,Gently Used Sausages,61729368,Books
306,504878,Soap,87987392,Toys
307,599039,Metal Tuna,54789999,Books
308,299023,Frozen Fish,64861140,Baby
309,664933,Bacon,78601549,Home
310,617746,Plastic Chips,79358487,Automotive
311,436294,Tasty Metal Pants,45254689,Clothing
312,461487,Wooden Chips,81378740,Automotive
313,927087,Small Table,86583017,Electronics
314,131872,Generic Pants,96755442,Jewelery
315,89382,Shoes,11079476,Automotive
316,184229,Handmade Salad,4628914,Home
317,253096,Soft Hat,38704205,Automotive
318,926450,Incredible Mouse,7468099,Baby
319,529869,Intelligent Cheese,61089213,Jewelery
320,367752,Rustic Shoes,50333779,Computers
321,798184,Wooden Salad,78141885,Clothing
322,470942,Ball,51675740,Clothing
323,813019,Cotton Fish,55012748,Computers
324,723957,Salad,69582886,Sports
325,734605,Small Steel Table,1263656,Jewelery
326,533848,Awesome Shoes,61317034,Computers
327,843420,For repair Metal Fish,55424664,Clothing
328,517581,Pizza,30509461,Books
329,75209,Awesome Granite Gloves,80339759,Toys
330,137697,Wooden Fish,34370851,Outdoors
331,136567,Gorgeous Keyboard,9889490,Baby
332,507435,Fresh Sausages,9752895,Shoes
333,139214,Small Plastic Shoes,33567614,Sports
334,433349,Gorgeous Shoes,7661012,Beauty
335,498131,Awesome Pizza,43017024,Shoes
336,81429,Cotton Towels,32575049,Beauty
337,719511,Soft Bacon,45878214,Industrial
338,828492,Used Plastic Car,12580075,Outdoors
339,370936,Metal Hat,69680621,Industrial
340,572025,Used Metal Shoes,29078321,Jewelery
341,584854,Pizza,89063480,Kids
342,179095,Chips,36691524,Home
343,446030,Small Cotton Chicken,59575908,Games
344,689212,Intelligent Fresh Bacon,77300088,Home
345,496911,Ball,38931707,Music
346,909410,Rubber Table,31773181,Shoes
347,1564,Incredible Fresh Salad,33464349,Computers
348,694646,Sleek Fresh Gloves,45806168,Clothing
349,721862,For repair Salad,48383864,Books
350,500527,Soft Soap,57644651,Sports
351,777132,Cheese,83008207,Jewelery
352,983422,Shoes,47059190,Toys
353,996766,Pants,15466978,Music
354,178631,Chips,99611485,Shoes
355,416092,Concrete Computer,15510182,Automotive
356,719519,Computer,57390737,Movies
357,926777,Salad,13168519,Games
358,533652,Cheese,87625373,Kids
359,612883,Granite Salad,13204067,Industrial
360,717545,Awesome Tuna,54994823,Outdoors
361,2892,Concrete Sausages,4066605,Computers
362,640101,Gorgeous Rubber Tuna,69448716,Sports
363,260442,Cheese,50965620,Automotive
364,941144,Unbranded Steel Pants,21970989,Beauty
365,206918,Sleek Fresh Pants,90916945,Sports
366,968012,Unbranded Shoes,53690384,Grocery
367,403401,Pizza,14503780,Outdoors
368,775908,Intelligent Plastic Tuna,29632556,Home
369,971253,Frozen Table,15735836,Electronics
370,129339,Chips,27100348,Sports
371,827276,Generic Concrete Table,90539361,Home
372,318350,Gorgeous Wooden Pants,41333194,Books
373,75257,Licensed Frozen Gloves,72112834,Garden
374,318088,Concrete Shoes,91008245,Movies
375,781901,Licensed Plastic Bike,34241300,Sports
376,918068,Fresh Chicken,88340393,Tools
377,148970,Concrete Bacon,58449590,Sports
378,147794,Chair,7369983,Movies
379,431735,Cotton Gloves,47890284,Beauty
380,273863,Fish,86374363,Computers
381,271576,Intelligent Metal Soap,58358507,Shoes
382,848872,Cotton Computer,802309,Automotive
383,774233,Handcrafted Fresh Table,62397379,Clothing
384,835447,Granite Chicken,53904112,Electronics
385,990364,Ergonomic Cheese,94919040,Tools
386,749289,Used Chair,14424487,Tools
387,961643,Gorgeous Shirt,73878974,Automotive
388,361600,Intelligent Soap,27192341,Electronics
389,434231,Plastic Gloves,36762761,Automotive
390,188194,Hat,3678923,Sports
391,877780,Steel Cheese,39931552,Games
392,956414,Fantastic Fresh Shoes,81466598,Books
393,160389,Used Chips,21201727,Computers
394,144843,Metal Bike,10217778,Books
395,29449,Soft Pants,6063082,Garden
396,620013,Wooden Fish,69979691,Garden
397,115792,Wooden Chair,9469426,Tools
398,239592,Frozen Keyboard,93209643,Home
399,351286,Rubber Car,66476090,Books
400,15541,Handmade Keyboard,88856528,Baby
401,559782,Pants,69597834,Toys
402,863585,Wooden Soap,2819420,Clothing
403,977913,Incredible Fresh Gloves,62257736,Automotive
404,838892,Licensed Gloves,26418666,Health
405,25400,Sleek Plastic Hat,54900715,Jewelery
406,645439,Licensed Shirt,52013990,Games
407,979132,Granite Sausages,69114501,Sports
408,751643,Intelligent Concrete Ball,15863956,Baby
409,489944,Cheese,9458785,Home
410,951097,Concrete Pants,57599800,Kids
411,648127,New Metal Ball,46167609,Sports
412,885165,Sausages,3645072,Toys
413,152102,Gorgeous Hat,33768451,Books
414,766310,Rubber Chair,5933187,Garden
415,995764,Rubber Hat,54994322,Computers
416,406010,Steel Chair,88803365,Grocery
417,131426,Fresh Tuna,99202064,Shoes
418,590603,Soap,97929555,Outdoors
419,461305,Tuna,80138626,Jewelery
420,477263,Hat,997529,Outdoors
421,672765,Concrete Keyboard,23634638,Clothing
422,717852,Tuna,49102756,Industrial
423,903570,Chair,29166975,Health
424,501570,Fantastic Granite Towels,70188307,Industrial
425,247079,Keyboard,25566,Shoes
426,583103,Refined Salad,83706513,Music
427,308866,Tasty Soft Chair,57146829,Shoes
428,173672,Bike,62947261,Electronics
429,890533,Table,85394280,Music
430,949945,Hat,60388917,Automotive
431,61248,Metal Sausages,16296806,Music
432,178833,Fantastic Metal Soap,4073289,Automotive
433,611168,Plastic Keyboard,55059446,Health
434,411167,Licensed Wooden Computer,36815773,Garden
435,752616,Chicken,73432760,Tools
436,292929,New Wooden Chair,98857620,Shoes
437,807751,Used Cotton Mouse,97330730,Jewelery
438,415223,Incredible Fresh Mouse,12533688,Baby
439,501158,Pants,89650210,Baby
440,446760,Cotton Cheese,97650686,Books
441,839410,For repair Frozen Bacon,76758394,Music
442,323741,Ergonomic Plastic Hat,74172142,Shoes
443,88404,Ergonomic Shoes,42372157,Grocery
444,560730,Incredible Granite Pizza,35513928,Games
445,536583,Hat,46159582,Baby
446,464187,Shirt,56428177,Beauty
447,853819,Chair,15017730,Movies
448,541400,Gorgeous Concrete Computer,36545041,Baby
449,499467,New Pizza,83458121,Kids
450,289042,Ergonomic Table,16143951,Health
451,991711,Table,51073314,Home
452,531745,Licensed Granite Pants,54472528,Sports
453,773288,Unbranded Plastic Salad,44499336,Home
454,13457,New Gloves,71421751,Electronics
455,116676,Refined Mouse,61073744,Health
456,823311,Bacon,47411362,Computers
457,540407,Shoes,67704417,Electronics
458,871660,Chicken,4794436,Industrial
459,309248,Cheese,47640751,Jewelery
460,545937,Practical Plastic Mouse,17091611,Sports
461,239579,Used Pants,68123060,Kids
462,588097,Incredible Plastic Fish,85198716,Outdoors
463,486983,Tasty Wooden Keyboard,36116202,Clothing
464,91376,Rubber Mouse,82193431,Beauty
465,242433,Computer,77852112,Automotive
466,412945,Handcrafted Mouse,46562792,Automotive
467,847102,Cheese,84795514,Industrial
468,436573,Licensed Soft Keyboard,49576670,Beauty
469,165193,Intelligent Granite Bike,3651447,Kids
470,291655,Towels,58612127,Garden
471,329090,Practical Towels,1162706,Grocery
472,339759,Gently Used Mouse,89754824,Home
473,715684,Practical Metal Chair,87123857,Shoes
474,782962,For repair Soap,55102738,Music
475,631773,Steel Salad,56354355,Movies
476,979301,Cheese,45671240,Garden
477,336374,Concrete Cheese,28289092,Games
478,111429,Gently Used Chicken,1576026,Movies
479,999676,Generic Wooden Shoes,37133450,Garden
480,466722,Gently Used Plastic Mouse,29735331,Tools
481,860959,Towels,86431964,Baby
482,568912,Rustic Metal Chicken,11064274,Home
483,226976,Small Soft Keyboard,7236932,Kids
484,737437,Fantastic Towels,38026505,Sports
485,130035,Steel Chicken,23356483,Books
486,89365,Ergonomic Plastic Hat,55338119,Industrial
487,820177,Granite Soap,17682061,Outdoors
488,598048,For repair Wooden Hat,99777135,Sports
489,769872,Gloves,5435847,Kids
490,691061,Refined Computer,2761248,Movies
491,69896,Soap,23746651,Computers
492,625531,Gorgeous Table,77954371,Garden
493,410083,Steel Tuna,96052949,Tools
494,872972,Soft Gloves,69368772,Garden
495,639514,Plastic Mouse,35934263,Electronics
496,496110,Metal Chicken,6713415,Electronics
497,969615,Tasty Hat,9946664,Garden
498,740609,Handcrafted Gloves,64314997,Outdoors
499,59441,Unbranded Granite Chips,7767630,Shoes
500,409740,Keyboard,25570843,Kids
501,929762,Frozen Car,7435056,Health
502,695128,Generic Shirt,81611386,Industrial
503,616780,Rubber Keyboard,90666299,Home
504,799025,Frozen Computer,82711395,Books
505,146417,Handcrafted Soft Chair,69598683,Games
506,343543,Table,33379463,Garden
507,423674,Refined Chicken,52695906,Kids
508,817236,Intelligent Ball,79349559,Garden
509,741386,Handmade Hat,51332759,Toys
510,239884,Generic Steel Shirt,24930619,Games
511,988887,Incredible Wooden Fish,31588887,Sports
512,618433,Licensed Cheese,36986006,Books
513,405546,For repair Fish,7746433,Beauty
514,95627,Unbranded Soap,20260141,Home
515,663045,Salad,27620664,Music
516,522275,Practical Soft Tuna,28938835,Grocery
517,167622,Incredible Concrete Soap,26594554,Jewelery
518,54396,Awesome Table,36450362,Books
519,919217,Wooden Soap,28020150,Garden
520,521897,Practical Plastic Sausages,66899670,Shoes
521,466726,Steel Soap,94913186,Books
522,425071,Cotton Gloves,2016400,Jewelery
523,379321,Small Chips,70444118,Movies
524,613541,Licensed Fresh Shoes,59173758,Industrial
525,296444,Generic Keyboard,58952332,Industrial
526,814027,Gorgeous Granite Bike,5531411,Garden
527,674711,Tasty Salad,51943104,Garden
528,747979,Granite Salad,4535808,Electronics
529,246605,Frozen Tuna,44446369,Shoes
530,944163,Sleek Cotton Chips,47836108,Tools
531,407208,Shoes,96302242,Beauty
532,737732,Refined Metal Soap,1521955,Outdoors
533,383838,Tasty Cotton Gloves,57041245,Industrial
534,911987,Licensed Hat,64209437,Baby
535,136091,Pants,87294212,Industrial
536,447387,Chair,82443142,Clothing
537,245976,Tasty Car,80114397,Movies
538,937111,Gorgeous Salad,6988633,Outdoors
539,69076,Refined Fresh Sausages,90783715,Computers
540,130751,Steel Shoes,48399774,Games
541,576834,Wooden Bike,57348299,Baby
542,306441,Sausages,61250507,Jewelery
543,736335,Intelligent Mouse,56530142,Toys
544,908345,Sausages,51073753,Industrial
545,912942,Chair,31363190,Kids
546,737175,Wooden Fish,37569575,Books
547,858515,Fresh Shirt,69185739,Toys
548,210270,Licensed Frozen Shirt,53260714,Toys
549,807410,Rubber Shirt,64049517,Jewelery
550,535037,Handcrafted Chair,57298309,Baby
551,978053,Metal Sausages,47553734,Clothing
552,288261,For repair Rubber Computer,11396848,Clothing
553,91485,Refined Granite Table,98138404,Kids
554,379085,Ergonomic Plastic Shoes,72622108,Games
555,244730,Used Steel Tuna,84159960,Computers
556,4924,Plastic Table,90795342,Health
557,48310,Towels,47871622,Automotive
558,515591,Towels,58837897,Books
559,601950,Refined Fish,80892280,Jewelery
560,447844,Plastic Bike,28005256,Grocery
561,575420,Frozen Bike,11012529,Music
562,30994,Licensed Steel Table,88375947,Baby
563,777882,Small Plastic Chair,21118447,Jewelery
564,736896,Incredible Plastic Chips,69843602,Garden
565,715594,Soft Cheese,48535958,Outdoors
566,397277,Practical Rubber Ball,16130646,Games
567,47999,Awesome Wooden Shoes,95967518,Automotive
568,913315,Concrete Chips,96580044,Kids
569,45046,For repair Keyboard,55554597,Tools
570,377484,Shoes,42419175,Toys
571,55098,Gorgeous Frozen Pizza,48419264,Baby
572,413485,Table,86608881,Sports
573,571590,Practical Shoes,37293867,Industrial
574,701034,Handcrafted Bacon,83063133,Toys
575,122325,Chicken,82622102,Health
576,708478,Rubber Chair,43170768,Grocery
577,416458,Frozen Chair,89806499,Toys
578,300495,Ergonomic Metal Computer,52391377,Outdoors
579,377546,Table,45240965,Grocery
580,35016,Sausages,34071306,Computers
581,664448,Intelligent Soft Keyboard,97231296,Electronics
582,621694,Towels,93714317,Kids
583,248521,Frozen Gloves,1453329,Toys
584,122861,Computer,49081839,Toys
585,940210,Frozen Chicken,87483265,Toys
586,447169,Gorgeous Cotton Shirt,82301577,Grocery
587,218178,Cotton Chicken,13465512,Books
588,219718,Pizza,81915894,Computers
589,435898,Used Cotton Car,79717238,Garden
590,123317,For repair Sausages,66294096,Beauty
591,531788,Handmade Sausages,82421433,Beauty
592,522782,Ergonomic Rubber Keyboard,7905963,Health
593,698613,Concrete Keyboard,47557172,Baby
594,980179,Concrete Bacon,31316200,Movies
595,4943,Wooden Table,40523880,Beauty
596,393181,Ergonomic Shirt,44033712,Electronics
597,510163,Plastic Shirt,39436470,Clothing
598,146970,Small Plastic Ball,61149726,Movies
599,505593,Metal Keyboard,61199107,Health
600,835396,Handmade Concrete Bike,4795276,Health
601,189197,Concrete Shoes,55101054,Computers
602,769918,Chicken,13905164,Tools
603,909864,Fresh Bacon,19877909,Outdoors
604,24769,Licensed Hat,85602248,Clothing
605,733205,Used Soft Sausages,99878455,Garden
606,968587,Wooden Mouse,53551562,Grocery
607,295243,Sleek Cotton Towels,77929856,Clothing
608,158997,Cheese,86207615,Home
609,218010,Handcrafted Rubber Shirt,49244755,Books
610,288081,Gently Used Fish,95271388,Movies
611,477268,Gloves,17257103,Movies
612,383921,Gently Used Gloves,69212806,Toys
613,492224,Handmade Cotton Bike,9382485,Industrial
614,770481,Refined Shoes,7758430,Grocery
615,813811,Intelligent Plastic Computer,76409872,Health
616,384349,Ergonomic Bacon,96827949,Kids
617,729632,Awesome Sausages,29761245,Outdoors
618,778449,Plastic Car,10749292,Tools
619,889607,Cheese,2517263,Games
620,507764,Rustic Bacon,37088281,Grocery
621,203238,Concrete Chair,66847271,Automotive
622,624069,Steel Cheese,18225070,Jewelery
623,772504,Wooden Chicken,32780065,Baby
624,249395,Unbranded Soap,71321541,Home
625,363046,Bacon,29458719,Electronics
626,870292,Frozen Mouse,39294209,Movies
627,669723,Salad,58120808,Clothing
628,662877,Handcrafted Bacon,36167697,Shoes
629,53730,Wooden Salad,20032930,Health
630,962417,Cotton Bacon,31831156,Automotive
631,861016,Ergonomic Chicken,21509215,Beauty
632,495906,Refined Granite Computer,16545143,Garden
633,713909,Gorgeous Gloves,59934155,Industrial
634,952291,Fantastic Cotton Sausages,85197877,Clothing
635,37669,Keyboard,11832416,Kids
636,976080,Handmade Wooden Shirt,18709102,Industrial
637,832965,Steel Car,48179753,Shoes
638,475062,Granite Gloves,93624432,Shoes
639,486400,Incredible Soft Pants,72987228,Outdoors
640,237018,Intelligent Computer,82566679,Tools
641,11824,Small Chips,4890997,Sports
642,284798,Sleek Granite Cheese,80640112,Kids
643,859256,Shirt,34893360,Books
644,819140,New Chicken,84272329,Grocery
645,94108,Bacon,79092199,Grocery
646,363408,Plastic Car,44298149,Clothing
647,649136,Gently Used Rubber Cheese,96958660,Automotive
648,590614,Used Fresh Gloves,1092587,Home
649,446041,Handmade Steel Chicken,92155385,Beauty
650,5980,Sausages,48476875,Beauty
651,283896,Small Steel Car,68187940,Electronics
652,819566,Incredible Soft Car,48562434,Computers
653,485980,Unbranded Rubber Pants,55561923,Grocery
654,535456,Gorgeous Frozen Computer,85669008,Tools
655,915701,For repair Bacon,31699933,Computers
656,763829,Plastic Chair,51482409,Computers
657,413925,Gloves,85858735,Jewelery
658,646194,Generic Soft Cheese,90601586,Health
659,413444,Used Cheese,44039840,Kids
660,112142,Intelligent Wooden Tuna,73943783,Garden
661,798628,Gently Used Hat,1019276,Tools
662,704947,Mouse,47476259,Automotive
663,258034,For repair Concrete Chicken,72557014,Music
664,638467,Awesome Computer,56604966,Tools
665,98550,Practical Cotton Chair,51227764,Health
666,514184,Practical Cotton Tuna,55320278,Grocery
667,163756,Fresh Soap,86430687,Baby
668,857404,Soft Chair,9203508,Movies
669,646336,Awesome Steel Shoes,28470929,Health
670,416442,Fresh Chair,75836207,Music
671,202450,Steel Tuna,95287822,Tools
672,418292,Rustic Hat,37553610,Computers
673,764473,For repair Pants,49299480,Kids
674,179088,Wooden Towels,74539472,Movies
675,158595,Computer,98818368,Beauty
676,854881,Generic Sausages,48615441,Grocery
677,336222,Fresh Cheese,77172153,Automotive
678,792266,Fresh Hat,23519586,Kids
679,440469,Intelligent Cotton Bacon,80142754,Tools
680,957221,Plastic Chair,76999580,Tools
681,287409,Cheese,53150135,Beauty
682,695171,Salad,21258926,Beauty
683,216425,Metal Cheese,23311957,Toys
684,71039,Concrete Chicken,36833598,Toys
685,351203,Rustic Computer,35059687,Tools
686,575574,Generic Pizza,14840274,Outdoors
687,349099,Handmade Concrete Computer,35409380,Books
688,541458,Pizza,38278234,Beauty
689,586238,Used Hat,78622260,Clothing
690,576822,Practical Chair,15475634,Movies
691,437828,New Steel Mouse,66637847,Music
692,363287,Ergonomic Cotton Pants,84933342,Garden
693,951370,Incredible Wooden Mouse,78577136,Home
694,964194,Gorgeous Pizza,87531984,Games
695,6735,Ball,40693604,Shoes
696,65103,Granite Fish,7139766,Clothing
697,196106,Metal Fish,74708728,Beauty
698,819632,Unbranded Steel Pizza,54605903,Health
699,530338,Rubber Pants,42098641,Grocery
700,526448,For repair Cotton Pants,69418107,Home
701,973641,Pizza,90058872,Grocery
702,417871,Car,96221329,Clothing
703,275584,For repair Frozen Chips,30572926,Movies
704,748337,Mouse,75076411,Automotive
705,937080,Gently Used Wooden Sausages,58886748,Sports
706,601903,Towels,96919073,Kids
707,230323,Handmade Cotton Ball,10043273,Clothing
708,857737,Intelligent Soft Chips,47036456,Toys
709,822085,Pizza,30020527,Shoes
710,889567,Incredible Keyboard,7210663,Industrial
711,482357,Small Soap,32628037,Electronics
712,337396,Gloves,82192731,Computers
713,819066,Ergonomic Ball,66743408,Computers
714,184766,Refined Soft Fish,99374542,Music
715,351493,Steel Chips,33328112,Toys
716,18358,Ergonomic Rubber Chicken,31195657,Games
717,556437,For repair Cotton Car,20125293,Beauty
718,227291,Small Pants,43219349,Electronics
719,906837,Incredible Steel Pants,81024842,Tools
720,543066,Refined Plastic Towels,60511174,Industrial
721,455633,Used Chicken,32799441,Tools
722,663896,Gorgeous Soft Shirt,33959927,Health
723,385404,Keyboard,17357666,Home
724,733072,Computer,3336842,Kids
725,438726,Fantastic Sausages,80995499,Sports
726,928996,Handcrafted Granite Shoes,34238236,Outdoors
727,269046,Cheese,34538597,Beauty
728,610589,Refined Keyboard,30590318,Home
729,779616,Generic Car,4562917,Books
730,436599,Mouse,14422633,Sports
731,986254,Concrete Fish,69438399,Computers
732,960932,Fantastic Plastic Towels,18777163,Industrial
733,203579,Metal Hat,4818151,Baby
734,614158,Generic Metal Towels,5135417,Toys
735,686354,Pizza,52523153,Electronics
736,305646,Fresh Chips,87681759,Kids
737,218649,Gently Used Frozen Shirt,24663690,Industrial
738,76299,Table,351137,Computers
739,254390,Sausages,61092694,Toys
740,994002,Fish,40610593,Sports
741,470648,Plastic Shoes,31288517,Beauty
742,447583,Pizza,49978169,Books
743,214532,Rustic Fish,74193461,Sports
744,95211,Small Granite Soap,49345647,Beauty
745,618571,Awesome Chair,4056114,Toys
746,174515,Frozen Chips,81707131,Garden
747,629557,Ball,33190447,Clothing
748,508014,Gently Used Rubber Car,4826703,Health
749,328365,Metal Towels,35225103,Books
750,261771,Small Table,82321171,Games
751,230151,Chips,33089375,Clothing
752,433846,New Shoes,18934088,Computers
753,293649,Steel Ball,9064456,Grocery
754,819397,Cotton Table,13918722,Music
755,784787,Cheese,94603467,Jewelery
756,462279,Fresh Hat,95743838,Health
757,445706,Practical Frozen Car,19763246,Baby
758,376668,Fish,59538963,Outdoors
759,799481,Car,24375420,Industrial
760,748808,For repair Wooden Tuna,8355640,Music
761,840571,Steel Car,86064742,Shoes
762,738984,Handmade Rubber Keyboard,31840591,Clothing
763,90977,Gently Used Granite Salad,41782293,Health
764,602603,Incredible Fresh Towels,13405847,Industrial
765,164500,Awesome Fresh Chicken,10425970,Automotive
766,460766,Steel Bacon,98758806,Garden
767,192134,Steel Salad,27494578,Industrial
768,783910,Rubber Ball,81087851,Toys
769,88970,Fresh Computer,51936248,Books
770,596819,Steel Bacon,38683677,Toys
771,777343,Gloves,48154568,Outdoors
772,337358,Incredible Towels,66112246,Music
773,589809,Towels,20232618,Kids
774,343590,Ergonomic Fish,51543889,Tools
775,591180,Incredible Granite Pizza,42216410,Outdoors
776,608704,Tasty Granite Chicken,93250492,Computers
777,299938,Sausages,83767123,Industrial
778,104375,Pizza,93979632,Health
779,94895,New Granite Salad,62151876,Sports
780,211189,New Metal Chair,97284175,Grocery
781,905660,Shoes,75750523,Grocery
782,393777,Practical Sausages,97947507,Industrial
783,159006,Wooden Table,50931727,Grocery
784,434298,Chicken,81946862,Jewelery
785,927245,Intelligent Concrete Fish,67084734,Tools
786,220629,Cheese,3363105,Baby
787,976684,Plastic Hat,35055520,Books
788,751560,Soft Chicken,29779291,Baby
789,441456,Fish,91519546,Books
790,643805,Shoes,17398201,Jewelery
791,909653,Generic Sausages,17183399,Shoes
792,488550,Tasty Wooden Tuna,87147399,Games
793,941784,Cotton Computer,8170246,Clothing
794,163946,Awesome Rubber Gloves,66157777,Industrial
795,58384,Awesome Hat,98474165,Garden
796,448571,Plastic Car,89852527,Automotive
797,82117,Steel Ball,2163114,Electronics
798,919553,Generic Ball,20568660,Tools
799,471521,Incredible Tuna,96780067,Garden
800,337809,Granite Ball,70136163,Computers
801,290530,Frozen Tuna,9066606,Industrial
802,302524,Fresh Hat,28413243,Home
803,909418,Gloves,21076377,Movies
804,25405,Ergonomic Rubber Salad,97780645,Clothing
805,959601,Cotton Bike,62861867,Clothing
806,633009,Generic Cotton Fish,77404491,Games
807,823879,Small Tuna,38236684,Movies
808,693345,Handcrafted Steel Chicken,11414069,Outdoors
809,672443,Cheese,31176207,Electronics
810,779827,Handmade Concrete Towels,72704805,Electronics
811,999946,Chicken,54785318,Health
812,370723,Unbranded Concrete Salad,85444431,Clothing
813,391750,Table,9347035,Automotive
814,747982,Awesome Rubber Pizza,38572596,Outdoors
815,635457,Concrete Bike,92901340,Toys
816,212479,Gorgeous Concrete Chips,72573555,Industrial
817,502662,Licensed Shirt,41040940,Music
818,677112,Granite Salad,37570323,Computers
819,394904,Fantastic Soap,48463718,Shoes
820,610090,Gently Used Gloves,57993289,Clothing
821,243931,Hat,77019304,Grocery
822,482041,Metal Salad,37070229,Clothing
823,692462,For repair Bike,71654111,Grocery
824,9224,Licensed Soft Ball,49557577,Tools
825,810023,Incredible Concrete Gloves,7899464,Clothing
826,542862,Sleek Keyboard,5354286,Home
827,782940,Plastic Chicken,15400217,Clothing
828,500324,Small Chair,49650550,Computers
829,54785,Sausages,17420843,Clothing
830,782385,Gently Used Car,71025075,Grocery
831,877604,Soft Chicken,66713911,Outdoors
832,696226,Handmade Computer,11347534,Outdoors
833,521673,Fantastic Cotton Sausages,27137848,Jewelery
834,453435,Intelligent Concrete Mouse,70792399,Baby
835,795523,Used Soap,39523184,Baby
836,235733,Cotton Pants,2774133,Sports
837,797785,Generic Shirt,98093956,Home
838,188284,New Chair,34369981,Books
839,963552,Handmade Steel Soap,65298468,Toys
840,392250,Unbranded Pants,66908185,Computers
841,662739,Fresh Fish,77626344,Baby
842,783723,Fresh Ball,97942650,Industrial
843,154472,Unbranded Ball,87173703,Health
844,400689,Gently Used Table,65229600,Grocery
845,25785,New Soft Keyboard,50299848,Music
846,688310,Tuna,98122812,Sports
847,422725,Soft Computer,46179080,Industrial
848,583405,Frozen Hat,66566128,Industrial
849,619294,Towels,9407334,Automotive
850,548319,Generic Car,13810290,Clothing
851,594946,Gorgeous Soft Ball,15765525,Jewelery
852,862836,For repair Soap,48309691,Games
853,748555,Granite Towels,28406479,Shoes
854,739788,Rustic Table,40332424,Health
855,718975,Handmade Frozen Sausages,92096614,Books
856,880196,Fantastic Rubber Cheese,77532950,Health
857,542923,Wooden Sausages,96709384,Kids
858,426550,Granite Sausages,5260104,Health
859,888348,Incredible Wooden Bacon,11421390,Beauty
860,711331,Frozen Soap,76386959,Shoes
861,763358,Plastic Car,45207746,Tools
862,214539,New Rubber Shoes,50094865,Clothing
863,646627,Steel Keyboard,70030238,Tools
864,611153,Cotton Gloves,20454967,Garden
865,4285,Steel Mouse,27504645,Beauty
866,602498,Intelligent Chips,64493351,Clothing
867,860890,Handcrafted Cotton Shoes,58426735,Movies
868,80689,Rustic Gloves,19766334,Toys
869,962510,Gorgeous Gloves,72387985,Automotive
870,80017,Incredible Plastic Tuna,35732472,Tools
871,326363,Cotton Pizza,25730349,Home
872,262494,Soap,28129548,Music
873,483530,Gorgeous Keyboard,20158595,Games
874,981022,Shoes,13317706,Kids
875,426266,Sleek Frozen Shirt,15880972,Garden
876,417989,Pants,53702900,Games
877,891674,Practical Mouse,23070641,Sports
878,36878,Concrete Tuna,91409978,Outdoors
879,932247,Ball,24052618,Books
880,971807,Handmade Plastic Salad,87881015,Home
881,659718,Tuna,60467293,Automotive
882,599883,Steel Cheese,47248398,Automotive
883,125437,Practical Steel Computer,61301170,Jewelery
884,60007,Chicken,6996677,Home
885,295928,Handcrafted Gloves,48566088,Toys
886,210727,Shoes,5673617,Games
887,92128,Generic Towels,29028381,Home
888,519805,Incredible Fish,3058576,Kids
889,937021,Bacon,7304263,Kids
890,266336,Concrete Sausages,98425812,Health
891,680813,Handcrafted Bacon,19443775,Home
892,788792,Gently Used Shirt,49567002,Home
893,162081,Steel Chair,54494610,Health
894,370602,Frozen Shoes,81018012,Health
895,862696,Small Sausages,53144095,Beauty
896,507208,Licensed Rubber Car,73581556,Beauty
897,239110,Shirt,47278010,Games
898,771036,Handmade Granite Pants,56308317,Electronics
899,483587,Sausages,67981639,Clothing
900,543315,Tasty Computer,26771448,Toys
901,282725,Rustic Wooden Chips,45860834,Computers
902,454789,Unbranded Chips,63317705,Baby
903,952976,Awesome Frozen Towels,18058061,Home
904,98480,Soft Computer,17352216,Outdoors
905,507759,Fish,2498812,Music
906,129071,Fantastic Pizza,68713643,Electronics
907,866422,Handcrafted Table,88295925,Baby
908,625370,Fish,82855829,Toys
909,398725,Concrete Fish,63723249,Movies
910,942293,Handmade Metal Soap,20555505,Automotive
911,803906,Used Soap,28905824,Industrial
912,614583,Shirt,76007443,Games
913,158110,Awesome Gloves,91573775,Tools
914,835601,Refined Pants,1527383,Computers
915,462985,Steel Soap,42298470,Health
916,315552,New Frozen Pizza,68631311,Toys
917,411403,Incredible Wooden Salad,60264596,Movies
918,937753,Rubber Pants,83291566,Movies
919,447830,Chicken,62743966,Toys
920,712378,Awesome Frozen Car,45430273,Health
921,234275,Sausages,32992010,Outdoors
922,743051,Generic Fish,49888738,Home
923,993824,Used Concrete Chicken,93563765,Home
924,621181,For repair Wooden Bacon,17784115,Garden
925,769098,New Bacon,73881328,Home
926,958552,Wooden Shoes,16115680,Automotive
927,504400,Handcrafted Fish,96416503,Automotive
928,835813,Table,73481146,Outdoors
929,761902,Generic Plastic Salad,82953497,Clothing
930,363577,Rustic Car,79398171,Toys
931,633256,Chair,37339724,Movies
932,875913,Handmade Frozen Pizza,56665621,Home
933,454357,Fresh Sausages,58477832,Kids
934,245737,Licensed Sausages,41912139,Outdoors
935,246726,Intelligent Keyboard,98374828,Books
936,44885,Handcrafted Sausages,82718140,Kids
937,140384,Table,15211831,Sports
938,861290,Handmade Salad,23056971,Health
939,465225,Pizza,29453464,Automotive
940,339673,Refined Ball,35662739,Tools
941,729157,Pants,75195487,Garden
942,532538,Sleek Bacon,93904821,Kids
943,851420,Handmade Pizza,36926104,Baby
944,401138,Handcrafted Rubber Hat,67029968,Garden
945,87971,Sleek Wooden Chicken,32474699,Games
946,152323,Gently Used Car,60335297,Jewelery
947,951209,Fish,12069672,Clothing
948,280391,Rustic Rubber Bacon,92953060,Music
949,691276,Incredible Granite Sausages,63583272,Garden
950,937079,Licensed Granite Towels,40010124,Outdoors
951,556609,Practical Pizza,14713532,Kids
952,595291,Towels,82097197,Beauty
953,973337,Unbranded Gloves,43017050,Beauty
954,825962,Small Towels,57870440,Music
955,959521,Sausages,69488834,Books
956,599246,Cotton Tuna,68275679,Health
957,259814,Fantastic Shoes,299487,Shoes
958,735728,Tasty Bike,57565978,Computers
959,100963,Practical Towels,75009975,Garden
960,185933,Table,90865277,Industrial
961,853205,Sleek Frozen Chicken,66044372,Tools
962,11927,Soft Hat,62147414,Home
963,51115,Wooden Cheese,60871382,Outdoors
964,248010,Mouse,66088591,Books
965,598596,Sleek Metal Keyboard,60041520,Outdoors
966,70218,Fish,73848626,Books
967,309270,Gorgeous Steel Shirt,90538042,Jewelery
968,118029,Gorgeous Plastic Shoes,46052565,Movies
969,840008,Incredible Cotton Cheese,34422643,Home
970,704118,Intelligent Towels,5615197,Electronics
971,179577,Sleek Fresh Mouse,84486975,Books
972,169795,Unbranded Gloves,41820747,Games
973,12114,Used Rubber Bike,53983218,Beauty
974,114696,Licensed Computer,91121391,Garden
975,396760,Bacon,6149040,Computers
976,409682,Granite Mouse,67463087,Baby
977,36263,Shoes,22956893,Beauty
978,974198,Incredible Granite Car,87701796,Toys
979,301814,Soap,83901282,Garden
980,445336,Gorgeous Soft Tuna,80171196,Beauty
981,104797,Pizza,31250591,Baby
982,959219,Wooden Chips,69897312,Kids
983,151252,Practical Granite Pants,43592033,Shoes
984,334755,Mouse,29290215,Toys
985,665799,Handmade Metal Pants,50255981,Outdoors
986,36414,Licensed Fresh Ball,98524652,Books
987,400518,Incredible Chips,17478747,Outdoors
988,756328,Frozen Car,29787613,Garden
989,843028,Ergonomic Plastic Mouse,64706166,Kids
990,610449,Ergonomic Steel Salad,87207633,Music
991,976530,Handmade Cotton Fish,40162984,Industrial
992,226081,Steel Shoes,83950579,Kids
993,683079,Metal Mouse,5353254,Tools
994,113505,Computer,78648083,Electronics
995,965262,Sleek Cotton Computer,96760476,Industrial
996,247493,Used Chair,78893577,Garden
997,686385,Cotton Fish,84268293,Toys
998,72355,For repair Keyboard,79142394,Jewelery
999,423990,Incredible Hat,41940268,Home
